Elo_Ranking,ID,Name,Elo
1031.0,102,Villanova,657.5686931994143
1030.0,242,Kansas,650.2020558804585
1029.0,48,Kentucky,636.3019699432946
1028.0,180,Virginia,626.0000590540161
1027.0,98,Oregon,618.7712592175056
1026.0,130,Gonzaga,617.420784301377
1025.0,50,North Carolina,611.9098862335758
1024.0,46,Arizona,608.9220883181847
1023.0,2,Valparaiso,592.8750067458927
1022.0,196,Xavier,588.2002716963979
1021.0,154,Utah,586.2073115379495
1020.0,406,Oklahoma,583.5006830196229
1019.0,232,Duke,583.248774205785
1018.0,238,Maryland,579.7290618774465
1017.0,222,West Virginia,579.220521451138
1016.0,234,Chattanooga,575.3520622213891
1015.0,28,Wisconsin,574.7732519314752
1014.0,667,Michigan State,571.1845515595179
1013.0,214,Dayton,571.0789963643291
1012.0,116,Louisville,569.1075218334902
1011.0,286,Purdue,563.4018457784114
1010.0,30,Notre Dame,561.1480475552712
1009.0,62,SF Austin,558.7580277852355
1008.0,343,Northern Iowa,555.2259294519603
1007.0,74,Texas A&M,555.2243367696348
1006.0,112,Hawaii,552.7418349474792
1005.0,308,Stony Brook,549.5545870829707
1004.0,210,Wichita St,546.2926556806079
1003.0,306,Indiana,546.2008161612918
1002.0,229,Yale,545.6059814457053
1001.0,738,Stephen F. Austin,544.1247373299785
1000.0,120,SMU,539.2147237721067
999.0,122,Baylor,538.6603859271953
998.0,651,Saint Mary's (CA),537.7487995468969
997.0,773,Miami (FL),537.2846960677266
996.0,825,Arkansas-Little Rock,537.0271083179364
995.0,52,Akron,535.7734969991221
994.0,261,Murray St,535.1549804407755
993.0,650,Saint Joseph's,533.5608622575975
992.0,401,Seton Hall,532.0930382337723
991.0,164,Connecticut,531.1754287068902
990.0,327,Providence,530.5533661415416
989.0,168,Iona,529.4428988254492
988.0,364,Butler,528.3796163162767
987.0,250,Temple,527.3977498448488
986.0,813,Southern Methodist,526.8300433402046
985.0,675,North Carolina-Wilmington,522.6452371555015
984.0,336,Colorado St,521.076872765399
983.0,258,Cincinnati,519.2738589653228
982.0,244,Iowa St,519.1994695444432
981.0,20,Louisiana Tech,518.5507413458104
980.0,172,Princeton,518.4162327102865
979.0,787,Fresno State,516.3485157164796
978.0,653,San Diego State,516.0528130602502
977.0,697,South Dakota State,515.5839120636917
976.0,124,Iowa,515.4607497463587
975.0,90,San Diego St,514.3856646746282
974.0,56,Hofstra,514.3176048191679
973.0,347,Davidson,514.2221144939975
972.0,686,Monmouth,514.0159678942101
971.0,752,University of California,513.6954644029151
970.0,694,Wichita State,513.0716391530249
969.0,268,Texas,513.0612345063313
968.0,737,Alabama-Birmingham,511.9544645493354
967.0,290,South Carolina,509.4429548661184
966.0,711,Texas A&M-Corpus Christi,509.3050713053113
965.0,224,VA Commonwealth,508.8155987271656
964.0,393,UC Davis,508.6437842834604
963.0,110,Boise St,508.5312434633833
962.0,320,Tulsa,508.39000731242965
961.0,49,Grand Canyon,506.89069305509764
960.0,58,Georgia St,505.96419413930687
959.0,248,Buffalo,505.54455618858185
958.0,374,Evansville,505.30612304558485
957.0,685,Virginia Commonwealth,504.91591898183685
956.0,262,BYU,504.8962438705525
955.0,353,Old Dominion,503.92347084967696
954.0,693,Weber State,503.54779597429166
953.0,136,E Washington,502.26745035343765
952.0,204,Sam Houston St,500.8856187889836
951.0,328,Albany NY,500.1753289416533
950.0,714,St. Bonaventure,499.8459918023474
949.0,363,Winthrop,499.5086576371054
948.0,819,Cal State Bakersfield,498.89906896038025
947.0,187,Georgia,496.73143274189607
946.0,106,High Point,496.4643148251033
945.0,748,UC-Irvine,495.71323371013824
944.0,51,NC Central,492.94870472728286
943.0,174,Pittsburgh,492.940641374401
942.0,868,Middle Tennessee,492.7838395127082
941.0,18,Michigan St,492.53001531563217
940.0,162,IPFW,492.4928191216996
939.0,291,North Florida,492.02659177986106
938.0,754,Brigham Young,490.44763119733017
937.0,407,Vanderbilt,490.3924908692609
936.0,361,WI Green Bay,490.1265080905754
935.0,211,New Mexico St,488.4405057832423
934.0,305,Belmont,488.35691391110987
933.0,337,Montana,488.11693061671684
932.0,190,C Michigan,487.02239749539916
931.0,269,N Dakota St,486.8629984692207
930.0,372,Michigan,486.34558363460417
929.0,672,New Mexico State,485.9626778278074
928.0,768,Iowa State,485.6537190248619
927.0,44,Colorado,485.1587525841852
926.0,837,East Tennessee State,485.0247387291874
925.0,246,Coastal Car,484.09347159530665
924.0,221,William & Mary,483.0656254570054
923.0,771,Albany (NY),482.8657668374048
922.0,715,Green Bay,482.2848689772555
921.0,281,Mississippi,481.93060285423934
920.0,300,Ohio St,481.52809391499017
919.0,788,George Washington,480.38852999137015
918.0,249,S Dakota St,478.56539537227417
917.0,400,Arkansas,478.4357356576752
916.0,181,James Madison,477.6873274784861
915.0,245,Oakland,477.6254434418523
914.0,288,Syracuse,475.4235477058404
913.0,840,Ohio State,474.66248620063607
912.0,27,Ga Southern,474.32344442654227
911.0,359,LSU,474.0814204703855
910.0,699,Southern California,473.8879669162149
909.0,352,St Francis NY,472.00872323709604
908.0,118,UTEP,471.64770423698616
907.0,260,Houston,470.069705327925
906.0,687,Wright State,469.58950203026467
905.0,236,St John's,469.0528221810135
904.0,80,St Mary's CA,468.89843341859637
903.0,797,Oregon State,468.8953501673317
902.0,78,Alabama,468.8075815797029
901.0,383,Illinois St,468.3779765982306
900.0,708,North Carolina-Asheville,465.6923457993135
899.0,296,Rhode Island,465.61626853535074
898.0,818,Texas-Arlington,465.17882552196113
897.0,88,UC Irvine,464.5870439916144
896.0,831,Long Beach State,463.6217718532545
895.0,309,Columbia,463.4636699869204
894.0,137,TX Southern,463.33747836431917
893.0,349,FL Gulf Coast,463.17982820105385
892.0,342,Vermont,463.0762441815264
891.0,762,Louisiana State,461.60151712726616
890.0,125,Hampton,461.41581722303687
889.0,764,Louisiana-Monroe,460.0076857472649
888.0,316,SC Upstate,459.64399644486787
887.0,323,Kent,459.46017594841635
886.0,702,Southern Illinois,458.53393687775804
885.0,85,Wofford,458.4967269179388
884.0,184,Miami FL,458.439681264612
883.0,388,Northeastern,457.6196295517855
882.0,182,NC State,456.21402523716347
881.0,24,Incarnate Word,455.8562345406393
880.0,345,Ohio,455.52699644469874
879.0,220,Florida,454.69710950714517
878.0,843,Florida State,454.35230594927435
877.0,438,Memphis,453.93204468460686
876.0,314,Harvard,453.72882323596946
875.0,662,Boise State,453.42168503584384
874.0,284,G Washington,453.2722450165385
873.0,156,Pepperdine,453.25385015657235
872.0,351,Georgetown,452.42046701742674
871.0,195,New Hampshire,451.1297868572775
870.0,334,ULM,451.08758858778486
869.0,4,Texas Tech,450.90226318827825
868.0,280,Charleston So,450.66680195638986
867.0,96,Washington,450.5255338547333
866.0,664,Morehead State,449.98871693797287
865.0,243,Santa Barbara,449.3069570201158
864.0,676,UC-Santa Barbara,449.2684315102365
863.0,131,CS Sacramento,448.7276443859218
862.0,84,Stanford,448.02749773506446
861.0,75,Northwestern LA,448.0157229923472
860.0,378,Bowling Green,447.6520283470688
859.0,76,Northwestern,446.5780075016808
858.0,126,Marquette,446.5018300088783
857.0,186,Georgia Tech,446.28493314839346
856.0,302,E Kentucky,445.3550535278509
855.0,717,Coastal Carolina,445.25160021120683
854.0,775,Tennessee State,445.19922759465516
853.0,202,E Michigan,444.90082788710737
852.0,60,TAM C. Christi,444.5159446220621
851.0,366,W Kentucky,443.2150363420718
850.0,398,W Michigan,443.12087281418434
849.0,86,UCLA,442.85250907789367
848.0,654,Illinois State,442.4811148064437
847.0,806,Florida Gulf Coast,442.4357808606899
846.0,192,Clemson,441.39666132877886
845.0,731,Milwaukee,441.22800084671934
844.0,745,Southern,440.99200571230415
843.0,70,ULL,440.85950622997706
842.0,645,Northern Illinois,440.68452356978094
841.0,835,Kent State,440.25774070619593
840.0,746,North Dakota State,440.09735321489586
839.0,335,UAB,439.7762271043249
838.0,170,Bucknell,439.07921964599456
837.0,237,NJIT,438.7841932841992
836.0,103,Lehigh,438.5798702581408
835.0,188,Virginia Tech,436.97198788768753
834.0,138,Idaho,436.9330282125658
833.0,16,Alabama St,436.70651014981837
832.0,360,Gardner Webb,436.0182074359657
831.0,254,Richmond,435.45089006261384
830.0,8,Loyola-Chicago,434.7030573417727
829.0,132,Utah St,434.44465352952614
828.0,256,Oklahoma St,433.5400911649375
827.0,677,Nebraska-Omaha,433.0887309836013
826.0,727,Eastern Michigan,432.0154608249549
825.0,169,Cleveland St,431.62320868027945
824.0,127,TN Martin,430.6849400895378
823.0,330,St Bonaventure,430.68405987947375
822.0,649,Tennessee-Martin,430.29373831738883
821.0,12,Norfolk St,429.841891453552
820.0,354,UNC Wilmington,429.11012423912763
819.0,735,Central Michigan,428.1888874209304
818.0,753,Ball State,426.9887121135103
817.0,167,Siena,426.8189060625564
816.0,255,Radford,426.2747500128258
815.0,680,Nevada-Las Vegas,426.1278535597771
814.0,402,Toledo,425.9609926258077
813.0,239,Wagner,425.8868462382869
812.0,142,Arizona St,425.3490055811743
811.0,36,Creighton,424.8456874820503
810.0,766,Kansas State,424.45697402807747
809.0,355,Florida St,424.31262566259255
808.0,719,South Carolina State,423.6202095771554
807.0,810,Western Kentucky,423.51193494186134
806.0,755,Boston University,423.42465180090636
805.0,206,MTSU,422.7889187091105
804.0,679,Texas Southern,422.5520411763942
803.0,814,Sam Houston State,422.40145227612834
802.0,146,California,422.2721997606598
801.0,26,Illinois,422.08808229307
800.0,815,Texas-El Paso,421.91748332068425
799.0,683,Fairleigh Dickinson,421.5420548379663
798.0,760,Louisiana-Lafayette,421.3523020848944
797.0,92,UNLV,421.0435615418059
796.0,294,Mercer,420.4666894713822
795.0,799,Penn State,420.0307052149691
794.0,104,Tennessee Tech,419.9453538065428
793.0,724,Western Carolina,419.3273849172042
792.0,15,E Illinois,419.0316438716961
791.0,189,MD E Shore,418.8619402706897
790.0,223,Monmouth NJ,418.7132603707856
789.0,79,Towson,418.3813379744577
788.0,671,North Carolina State,417.415147701646
787.0,807,Colorado State,417.3635822640472
786.0,270,TCU,416.76342981441877
785.0,856,Detroit Mercy,416.5216481184288
784.0,298,Penn St,415.3490319862249
783.0,718,College of Charleston,415.2635006564877
782.0,663,Murray State,415.1511257398233
781.0,144,Oregon St,414.78732011731387
780.0,403,Wyoming,413.81106253370797
779.0,93,Morehead St,412.8058542980623
778.0,744,Arizona State,412.57309666888017
777.0,692,Utah State,410.23419034004763
776.0,152,New Mexico,409.53117703678345
775.0,208,Army,409.11260314615095
774.0,595,Ferris St,408.6749155402011
773.0,21,Southern Univ,408.4566235250897
772.0,560,SE Oklahoma,408.4202789804405
771.0,942,Wiley,407.8175078790033
770.0,878,Warner Southern,407.8158257405152
769.0,538,Univ Sciences,407.68895660709364
768.0,881,Roanoke,407.6815742157428
767.0,917,William Carey,407.6503683392103
766.0,941,Texas-Permian Basin,407.2539120569097
765.0,801,Norfolk State,406.8903890913725
764.0,555,Caldwell,406.78161420909345
763.0,613,Concordia AL,406.5383066962458
762.0,673,Houston Baptist,406.1628140494914
761.0,792,Gardner-Webb,406.0967446626239
760.0,640,Jackson State,405.34659513071006
759.0,157,Fresno St,405.23487198137343
758.0,263,Long Beach St,404.1496208404192
757.0,660,Mississippi State,404.0399045470125
756.0,368,Delaware St,403.33218308597856
755.0,6,Kansas St,403.05089147942186
754.0,661,Eastern Washington,403.0062178808593
753.0,325,Nevada,402.73782564946544
752.0,266,Indiana St,402.34677911717324
751.0,312,Marshall,402.01779185856765
750.0,795,Idaho State,401.70520637875575
749.0,3,ETSU,401.6241096511309
748.0,251,American Univ,401.3418475145065
747.0,83,WI Milwaukee,401.01008022110426
746.0,114,Fordham,400.69055112293336
745.0,338,Portland St,400.26996419240083
744.0,39,Furman,400.2022685974464
743.0,166,Massachusetts,399.6700448863404
742.0,47,Mt St Mary's,398.7219453872501
741.0,850,Louisiana State-Alexandria,398.69810641866326
740.0,782,Georgia State,398.51194123120797
739.0,225,Tennessee,398.33839252737806
738.0,319,Oral Roberts,398.1010127416949
737.0,376,N Illinois,397.62382351959366
736.0,793,Indiana State,397.3954245432383
735.0,397,Nebraska,397.32792422624357
734.0,272,UT Arlington,396.8906266777878
733.0,1028,Bowie State,396.34033968093917
732.0,703,Savannah State,396.01554522377336
731.0,978,Saint Martin's,395.7757395159706
730.0,927,Dubuque,395.48388574369073
729.0,1004,Western Oregon,395.2758596255873
728.0,1001,College of Idaho,395.044987302901
727.0,984,Hardin-Simmons,394.88798324044404
726.0,938,Denison,394.77540856364317
725.0,19,Navy,394.72643588982055
724.0,830,Bowling Green State,394.57119842030863
723.0,134,N Colorado,394.57001844356637
722.0,179,UNC Asheville,394.47758711795314
721.0,212,Florida Intl,394.47155638854883
720.0,387,San Francisco,394.34902418612313
719.0,1027,Benedictine (AZ),394.227149977703
718.0,777,Millsaps,394.19413910846686
717.0,756,Pittsburgh-Bradford,394.16213108487227
716.0,976,Virginia Wise,394.1574521294178
715.0,952,Kentucky Christian,394.15738069581323
714.0,1012,Francis Marion,394.1429199904025
713.0,785,Massachusetts Institute of Technology,394.1287953482649
712.0,259,St Francis PA,394.0336361494246
711.0,637,Texas Col,394.0018077016055
710.0,1003,Methodist,393.8861677580746
709.0,967,Coastal Georgia,393.82587047050043
708.0,385,Denver,393.809959357801
707.0,973,Hawaii Pacific,393.74069902889954
706.0,870,Wentworth,393.682634813666
705.0,1021,Ryerson,393.6806049180825
704.0,567,Arkansas-FS,393.5403072909721
703.0,812,Merchant Marine Academy,393.5220691919557
702.0,961,John Brown,393.46957198470574
701.0,594,Goshen,393.4620394933893
700.0,1023,Bryn Athyn,393.4498349826902
699.0,935,Farmingdale State,393.4113892174688
698.0,1026,Northern New Mexico,393.40352207948615
697.0,1020,Purdue North Central,393.33540704427236
696.0,989,Mary Washington,393.3140257374829
695.0,940,Maine-Fort Kent,393.1784136669175
694.0,928,Tabor College,393.17135327567337
693.0,860,Hiram,393.11282312734113
692.0,817,West Virginia Tech,393.10688451808767
691.0,958,Worcester State,393.0327253048406
690.0,559,Trinity IL,392.9892908165338
689.0,551,Regis CO,392.98840335603035
688.0,875,Marian,392.9356573394472
687.0,600,Coast Guard,392.93155259775216
686.0,605,Midwest TX St,392.91413855303284
685.0,639,Sarah Lawrence,392.90596146881484
684.0,953,Dallas Christian,392.90420918660936
683.0,618,Cal Maritime,392.8900570152257
682.0,778,Loyola (IL),392.8746832036586
681.0,623,St Rose,392.8735914273493
680.0,864,Molloy,392.8578558303008
679.0,678,Lyndon State,392.8500812252202
678.0,757,Shenandoah,392.8471976264583
677.0,947,Wayne State (NE),392.8344776484898
676.0,997,Montana Western,392.82210476791147
675.0,598,Lewis & Clark,392.81167351041074
674.0,866,Saint Joseph's (IN),392.7839984617047
673.0,636,Fisher,392.74363416174754
672.0,638,ME Ft Kent,392.7405836473892
671.0,950,Silver Lake,392.7388679918366
670.0,954,Master's,392.7233219062654
669.0,634,Baker KS,392.7054571057819
668.0,951,Fort Lewis,392.7022923247979
667.0,574,Susquehanna,392.69796384910967
666.0,597,Lewis-Clark ID,392.6408316922409
665.0,926,East Mennonite,392.6118359392637
664.0,606,S Arkansas,392.5834761914508
663.0,525,MN Duluth,392.57928572665685
662.0,1015,Trevecca Nazarene,392.5741662197627
661.0,219,W Carolina,392.57081111430375
660.0,496,Clayton St,392.54762387022
659.0,582,Stillman,392.5410634968344
658.0,499,Texas A&M Intl,392.53066311901205
657.0,930,Thomas More,392.5121771187099
656.0,1029,St. Catharine,392.5098431220632
655.0,879,Black Hills State,392.4660415335884
654.0,1009,Western State,392.46502408746943
653.0,946,Cal State Dominguez Hills,392.45795934392083
652.0,141,Seattle,392.42943917835936
651.0,620,North Alabama,392.4236930078552
650.0,963,Arkansas-Fort Smith,392.40478902303704
649.0,943,Paul Quinn,392.40352468019637
648.0,924,Cal State Los Angeles,392.39160263112296
647.0,485,TX A&M K'ville,392.36815339676093
646.0,494,Nichols,392.3680560090258
645.0,461,S Virginia,392.36805595619364
643.5,900,Union (TN),392.3639215058281
643.5,493,Newman,392.3639215058281
642.0,476,FL Memorial,392.3638241133692
640.5,437,NW Oklahoma St,392.3596938945653
640.5,447,WV Tech,392.3596938945653
639.0,532,TX Lutheran,392.35170922707425
638.0,899,Embry-Riddle Aeronautical University,392.3514319068603
637.0,1007,Regis,392.35060632224076
636.0,501,Peace,392.34720823886187
635.0,583,Washington MD,392.33874205954595
634.0,993,Fisher College,392.3377058010534
633.0,563,MI Dearborn,392.3126426373785
632.0,589,Bluffton,392.296668424576
631.0,998,Johnson & Wales,392.2878456746336
630.0,666,Northern Michigan,392.2744761247384
629.0,959,Henderson State,392.2725847628989
628.0,1010,Arizona Christian,392.26213361960515
627.0,643,Oregon Tech,392.25711983541015
626.0,957,Biola,392.2547904380854
625.0,607,Alice Lloyd,392.23648761380235
624.0,996,Wisconsin-Superior,392.2229436153394
623.0,939,Madonna,392.20319366765676
622.0,502,Mt Ida,392.2000515482963
617.0,384,OH Dominican,392.1841742594848
617.0,432,FDU Madison,392.1841742594848
617.0,419,Cal Lutheran,392.1841742594848
617.0,416,Bap Bible PA,392.1841742594848
617.0,428,Erskine,392.1841742594848
617.0,414,McKendree,392.1841742594848
617.0,439,Corban,392.1841742594848
617.0,865,Dickinson State (ND),392.1841742594848
617.0,897,Emmanuel,392.1841742594848
612.0,455,Notre Dame CA,392.1799356867292
611.0,458,Hawaii Hilo,392.175701503588
610.0,510,Univ of Southwest,392.1678046926017
609.0,630,St Joseph's NY,392.16102675683123
608.0,586,Wilberforce,392.15610182103234
607.0,770,Austin College,392.0911887075534
606.0,1017,Boyce,392.07938053042517
605.0,633,Tabor,392.05793499220977
604.0,628,Lyndon St,392.0455406705426
603.0,905,Emporia State,392.0408192976792
602.0,1016,Lourdes,392.0211370445333
601.0,922,South Dakota School of Mines,392.01983974712255
600.0,920,Michigan-Dearborn,392.01764043682226
599.0,570,Mitchell,392.01684395341636
598.0,902,Siena Heights,392.0142952024751
597.0,569,Centenary,392.013238323236
596.0,616,Hampden-Sydney,392.01211363405037
595.0,456,Simpson CA,392.00847704206046
594.0,503,AK Anchorage,392.00028963563034
573.0,63,Mississippi Col,392.0
573.0,59,TN Temple,392.0
573.0,486,Johnson FL,392.0
573.0,35,Berry,392.0
573.0,457,S Vermont,392.0
573.0,454,Missouri S&T,392.0
573.0,25,UT Tyler,392.0
573.0,1,Randolph Col,392.0
573.0,704,Florida National University,392.0
573.0,444,Pensacola Chr,392.0
573.0,832,Brigham Young-Hawaii,392.0
573.0,203,St Francis IL,392.0
573.0,205,Austin Col,392.0
573.0,213,Florida Col,392.0
573.0,822,William Jessup,392.0
573.0,811,Campbellsville,392.0
573.0,798,Northwest Christian,392.0
573.0,765,McMurry,392.0
573.0,297,Pace,392.0
573.0,749,UC-San Diego,392.0
573.0,315,MIT,392.0
573.0,318,UC San Diego,392.0
573.0,742,University of the Southwest,392.0
573.0,333,Bluefield WV,392.0
573.0,722,Illinois Tech,392.0
573.0,348,Catholic,392.0
573.0,698,Chadron State,392.0
573.0,350,Nova SE,392.0
573.0,377,Aurora,392.0
573.0,362,IL Springfield,392.0
573.0,73,Brewton-Parker,392.0
573.0,201,Wm Carey,392.0
573.0,854,Texas-Tyler,392.0
573.0,81,Cal St-LA,392.0
573.0,375,Earlham,392.0
573.0,159,Flagler,392.0
573.0,665,Cincinnati Christian,392.0
573.0,115,NYIT,392.0
573.0,652,San Francisco State,392.0
573.0,857,Central State (OH),392.0
573.0,135,Black Hills St,392.0
552.0,516,Gwynedd-Mercy,391.9960597734522
551.0,566,Arlington Bap,391.99156332371865
550.0,453,IN S Bend,391.99152295793954
549.0,931,Lincoln,391.98574977774626
548.0,971,Tampa,391.9607036134453
547.0,921,Concordia (OR),391.9519075091399
546.0,1030,York (NE),391.94748793471723
545.0,907,SUNY-Oneonta,391.92131791537764
544.0,974,Wesley,391.91228899135217
543.0,859,Fairleigh Dickinson-Florham,391.9061668909684
542.0,873,Westminster,391.89246257017663
541.0,869,Colorado Christian,391.8766288534526
540.0,1018,Point Loma Nazarene,391.8740441282429
539.0,918,Chestnut Hill,391.86741466405886
538.0,123,McNeese St,391.8560195964891
537.0,531,Bethel TN,391.8557908496352
536.0,876,Kenyon,391.8497019043775
535.0,515,Olivet Naz,391.84047857236396
534.0,1019,Cal State East Bay,391.8400947018096
533.0,572,Northwest WA,391.8377897321316
532.0,627,Alfred St,391.8375560467327
531.0,512,Brevard,391.8362384379047
530.0,615,Cameron,391.8351171081704
529.0,495,Chadron St,391.8326743495852
528.0,484,Trinity Chr,391.8325769446556
527.0,544,MT-Great Falls,391.82875228941884
526.0,481,Ohio Mid-Western,391.82843762800087
525.0,571,Mt Vernon Naz,391.82740184821813
524.0,846,William Jewell,391.8272150111333
523.0,524,Pac Lutheran,391.8244885379377
522.0,851,Pacific Lutheran,391.82247426150695
521.0,507,Dallas Chr,391.81996901206236
520.0,471,Palm Beach Atl,391.81592328317976
513.5,423,Young Harris,391.8158257405152
513.5,429,Newbury,391.8158257405152
513.5,842,George Fox,391.8158257405152
513.5,893,Mobile,391.8158257405152
513.5,430,Warner,391.8158257405152
513.5,418,Presentation,391.8158257405152
513.5,449,College of Faith,391.8158257405152
513.5,440,Thomas ME,391.8158257405152
513.5,847,Saint Mary's (MN),391.8158257405152
513.5,436,Mayville St,391.8158257405152
513.5,405,Berea,391.8158257405152
513.5,425,IU Kokomo,391.8158257405152
507.0,625,NM Highlands,391.81289052831846
506.0,991,Ursinus,391.8123655427778
505.0,514,Missouri Val,391.81188870414513
504.0,478,Transylvania,391.8117867363797
503.0,491,Merchant Marine,391.8075484760202
502.0,874,Mount Saint Vincent,391.80511409067293
501.0,561,Iowa Wesleyan,391.79939267874437
500.0,547,Belhaven MS,391.79296956328295
499.0,858,Texas Wesleyan,391.78932656124357
498.0,849,Texas College,391.7777900228932
497.0,923,Mt. St. Joseph,391.74837370805176
496.0,614,Anderson IN,391.70874593879165
495.0,629,MT Tech,391.699077108782
494.0,981,Geneva,391.68184294491783
493.0,901,Texas A&M-Kingsville,391.6806848469241
492.0,585,Case Western,391.6798191951409
491.0,530,Mid-Atlantic Chr,391.67659927700487
490.0,883,Mississippi College,391.66805560391936
489.0,990,New Hope Christian,391.662963195675
488.0,884,Cal State Monterey Bay,391.66166648181803
487.0,977,Le Tourneau,391.6591350065801
486.0,986,Illinois-Springfield,391.651478936369
485.0,508,Greenville,391.6446157774282
484.0,513,Concordia SP,391.6434573017824
483.0,554,Limestone,391.64066019225606
481.0,434,Indiana NW,391.64030610543466
481.0,463,Hartwick,391.64030610543466
481.0,483,The Master's,391.64030610543466
479.0,949,Mercy,391.6383519971612
477.0,442,Hannibal-Lagr,391.6318466032389
477.0,474,Old Westbury,391.6318466032389
477.0,475,Keystone,391.6318466032389
475.0,885,Grace Bible,391.62926657413385
474.0,489,Hood,391.6275197770587
473.0,509,Wm Jewell,391.6247007808872
472.0,1011,Bridgewater (VA),391.62324485386284
471.0,979,Columbia International,391.5826747908381
470.0,1025,St. Ambrose,391.5767872685018
469.0,1008,Cedarville,391.57023358789405
468.0,580,CS Dom. Hills,391.55309352144576
467.0,987,Northwest Indian College,391.55085152478506
466.0,622,Cheyney St,391.5061692349829
465.0,956,Angelo State,391.50528927884056
464.0,519,PSU Mont Alto,391.50154505857324
463.0,504,PSU-Harrisburg,391.5012968360823
462.0,599,Haskell,391.49983294352234
461.0,539,Mid Georgia,391.4995191492411
460.0,584,Dickinson St ND,391.4809866523101
459.0,913,Minnesota-Duluth,391.4728980710614
458.0,575,King TN,391.46981811578695
457.0,521,J&W RI,391.4690842793302
456.0,500,St Xavier IL,391.4650957905236
455.0,576,Truman St,391.46465233451795
454.0,1006,St. Andrews,391.43256939971235
453.0,1022,Pine Manor,391.4207832344586
452.0,969,Arkansas-Monticello,391.386638223976
451.0,980,Ohio Dominican,391.3765460708792
450.0,919,Penn State-Harrisburg,391.37651233999003
449.0,612,St Catharine,391.3719383408409
448.0,602,R Morris Spfd,391.361619473312
447.0,609,Wentworth Tech,391.3576897286228
446.0,911,Linfield,391.35740950531294
445.0,933,William Woods,391.3524990951551
444.0,904,Medgar Evers,391.3514496736071
443.0,568,Mt St Vincent,391.3478749681595
442.0,972,Arlington Baptist,391.3342203591807
441.0,535,S Dakota Tech,391.3303077483334
440.0,734,Seton Hill,391.32714443676605
439.0,621,Rhodes,391.3191295868454
438.0,542,Loyola NO,391.31404639439364
437.0,581,St Thomas TX,391.3072833833409
436.0,548,Selma AL,391.3051716751732
435.0,523,Goldey Beacom,391.30208846128403
434.0,527,MT Western,391.2860434991139
433.0,964,Utica,391.2801819370837
432.0,608,Capital,391.20063491754615
431.0,992,Missouri Valley,391.1991773064058
430.0,934,Cincinnati-Clermont,391.1521420140807
429.0,603,Northwest Chr,391.148189331142
428.0,962,York (PA),391.1372594872177
427.0,985,Bluefield (WV),391.1069811356647
426.0,591,PSU-Beaver,391.10217794532247
425.0,853,Texas State,391.0467182509743
424.0,1005,Southeastern Oklahoma,391.0409871240429
423.0,557,Morrisville St,390.98872083744317
422.0,965,Cumberland,390.9345857389477
421.0,596,Simpson IA,390.9094719642105
420.0,1000,Widener,390.88699501566595
419.0,896,Alcorn State,390.8506736884079
418.0,863,La Roche,390.80531986603376
417.0,999,Purdue Calumet,390.78703270504127
416.0,1013,Lees-McRae,390.7810905199389
415.0,592,St Joseph's IN,390.6741426717455
414.0,982,East Central,390.6648135702545
413.0,892,Pensacola Christian,390.64628687056313
412.0,759,Randolph,390.59448340680467
411.0,932,Alaska-Anchorage,390.5853615807045
410.0,914,Notre Dame (CA),390.58152443901184
409.0,877,Queens (NY),390.5737038196533
408.0,968,Williams Baptist,390.5719116886422
407.0,929,Gallaudet,390.5569938415512
406.0,909,Kentucky State,390.4822296422199
405.0,1014,Westminster (MO),390.4778619717324
404.0,804,North Carolina-Greensboro,390.4648955705059
403.0,658,Rutgers-Newark,390.4564311785614
402.0,936,Staten Island,390.42210573367066
401.0,739,Trinity (FL),390.4054833619616
400.0,903,Florida College,390.16138066187324
399.0,906,Bob Jones University,390.10970496081916
398.0,1024,Cheyney,389.98878090088
397.0,983,Albany State (GA),389.9393489912183
396.0,945,Waldorf,389.9014656341323
395.0,674,Minnesota-Morris,389.87362851840913
394.0,780,Loyola Marymount,389.8145210416847
393.0,758,Covenant,389.736432959423
392.0,1002,Cairn,389.7356373432632
391.0,862,Long Island University,389.4606118896511
390.0,988,Maryville (MO),389.2822254668752
389.0,332,Duquesne,389.11679639732523
388.0,129,South Dakota,388.99355389257965
387.0,730,Johnson University,388.6645359535697
386.0,894,Trinity Christian,388.3059667265117
385.0,944,Selma University,388.1973349069991
384.0,173,Rider,388.15267797803176
383.0,829,St. Francis (NY),387.7091451824201
382.0,960,Tennessee Wesleyan,387.52036162144327
381.0,655,Saint Peter's,386.75186362361086
380.0,910,Carroll,386.5837107923037
379.0,912,Louisiana State-Shreveport,386.5462651812115
378.0,275,St Peter's,386.4031724055488
377.0,587,Concordia MI,386.3868171105932
376.0,852,New Mexico Highlands,386.3125428946408
375.0,549,Ouachita,386.27272845817663
374.0,276,Detroit,386.1158388269314
373.0,975,Judson,386.1088162477677
372.0,356,Manhattan,386.0472689622874
371.0,725,Eastern Kentucky,386.0369527372613
370.0,367,Austin Peay,385.8017894536963
369.0,40,UT San Antonio,385.68590174576326
368.0,805,Hawaii-Hilo,385.6249124671225
367.0,845,North Carolina Wesleyan,385.5966027876606
366.0,590,Arkansas Tech,385.51705627568293
365.0,593,Coker,385.4733693305163
364.0,790,Texas Lutheran,385.378058322544
363.0,601,Northland,385.2497278167099
362.0,487,Thomas Aquinas,385.0623672269773
361.0,994,Rio Grande,385.01374336107216
360.0,784,Georgia Southern,384.9787045985756
359.0,420,Adams St,384.9182708653777
358.0,139,Eastern Oregon,384.8886885114562
357.0,886,Indiana-Northwest,384.8842470493603
356.0,240,Elon,384.86360289960106
355.0,688,Bristol University,384.7808742114122
354.0,506,Emerson,384.7526074609022
353.0,898,Trinity International (IL),384.7429116066197
352.0,207,Ohio Valley,384.72619287206527
351.0,925,Roosevelt,384.7180902827111
350.0,404,Oberlin,384.69602445732386
349.0,89,Chapman,384.6940292473522
348.0,390,Florida National,384.6924840719902
347.0,955,Sul Ross State,384.5785237123147
346.0,632,Rowan,384.57512159546087
345.0,151,Concordia OR,384.5552120436303
344.0,445,Western St CO,384.5522368421575
343.0,937,Multnomah,384.4934596863822
342.0,610,Quincy,384.48979619113686
341.0,472,Eckerd,384.4462924777528
340.0,446,Willamette,384.43057874721
339.0,541,Wheelock,384.4146621110318
338.0,562,NW Nazarene,384.41056715073097
337.0,452,Avila,384.3758151324387
336.0,426,Franklin Pierce,384.37258249791023
334.5,105,Piedmont Bap,384.36815339676093
334.5,191,Alma,384.36815339676093
333.0,293,Chowan,384.35944091764367
332.0,163,Manchester,384.347869329059
331.0,43,Wayland,384.3469207506078
330.0,552,Urbana,384.34533438891617
329.0,871,Adams State,384.3352191358312
328.0,712,Our Lady of the Lake,384.32121582828523
327.0,534,CSU East Bay,384.30745673181474
326.0,482,Cin Clermont,384.2332840107836
325.0,448,Kentucky Chr,384.21616165618514
324.0,435,Malone,384.2018834919032
323.0,408,Trevecca Naz,384.1926466020127
322.0,450,Johnson TN,384.1924342101464
320.5,13,Pfeiffer,384.1841742594848
320.5,279,Averett,384.1841742594848
319.0,479,Southern N.O.,384.18388825063766
318.0,473,VA-Lynchburg,384.16925592253057
317.0,451,UVA-Wise,384.1146836621164
316.0,826,Central Baptist,384.1071172388595
315.0,550,Thiel,384.0098381444163
314.0,424,MN Crookston,384.0087538555585
312.5,358,Trinity FL,384.0
312.5,69,Hillsdale Bap,384.0
311.0,459,Colorado Chr,383.9875744351809
310.0,17,Auburn M'gomery,383.9155239207032
309.0,716,Kean,383.8865381238917
308.0,573,Central Bap,383.8711537585115
307.0,431,Tiffin,383.8673119127697
306.0,329,S Francisco St,383.82006650916213
305.0,468,Bluefield VA,383.7758537392239
304.0,888,Centenary (LA),383.76366087024917
303.0,783,Middle Georgia State,383.74241396792763
302.0,995,Life Pacific,383.6955626659588
301.0,433,Cincinnati Chr,383.5988186023195
300.0,966,North Greenville,383.582455969066
299.0,890,Goldey-Beacom,383.5795050651088
298.0,488,Miles,383.54014993782687
297.0,517,Langston,383.5224346489484
296.0,61,Our Lady Lake,383.45239701490715
295.0,565,N New Mexico,383.3980225115846
294.0,891,Belmont Abbey,383.28873547980004
293.0,631,Albion,383.1958358496789
292.0,505,Wayne St NE,383.1801095836157
291.0,546,Vanguard,383.1643367437658
290.0,855,Voorhees,383.07858571131874
289.0,604,Judson IL,383.06147238694564
288.0,872,St. Thomas (TX),382.89163197965723
287.0,733,Simpson,382.7615840746028
286.0,916,St. Edward's,382.7357925214222
285.0,861,Florida Memorial,382.5214646484906
284.0,161,NC Wesleyan,382.41812606240615
283.0,880,Valley City State,382.337937510545
282.0,109,Bethesda,382.1383314859655
281.0,119,Washington St,381.84477489468765
280.0,66,Edwardsville,381.7141772211998
279.0,635,Paine,381.455874626764
278.0,794,Montana State,381.44800218358216
277.0,617,La Verne,381.35477122273727
276.0,317,UC Riverside,381.33365356217996
275.0,326,Cal Poly SLO,381.13324838666864
274.0,396,Miami OH,381.0109243648731
273.0,230,Fairfield,380.8908117841227
272.0,346,Appalachian St,380.7483542531392
271.0,838,Baptist Bible (PA),380.29069560512016
270.0,389,Boston Univ,379.68674053900594
269.0,882,Indiana-Kokomo,379.39912900441664
268.0,833,Mid-Atlantic Christian,379.31117479991514
267.0,55,Edward Waters,378.63779107833517
266.0,867,Washington Adventist,378.21641408273314
265.0,791,Eastern Illinois,378.02020031077143
264.0,199,Carroll MT,377.63649732821716
263.0,33,SE Missouri St,377.6039645290525
262.0,578,Ferrum,377.5158033803363
261.0,526,Marygrove,377.4206601620273
260.0,626,Daniel Webster,377.3820311435328
259.0,588,Truett-McConnell,377.38124923764633
258.0,9,Rockhurst,377.2812403165962
257.0,253,Barber-Scotia,377.22342852578913
256.0,641,Missouri State,377.1343395757265
255.0,492,Catawba,377.016153538308
254.0,689,Miami (OH),376.88890364191366
253.0,460,Walla Walla,376.8346903876388
252.0,543,Menlo,376.81997594305085
251.0,29,N Kentucky,376.81434394150045
250.0,77,Houston Bap,376.79353132290015
249.0,564,Tusculum,376.7699914195434
248.0,611,Ecclesia,376.7048611516385
247.0,373,Hillsdale,376.6192790640773
246.0,399,Aquinas,376.5442789378777
245.0,743,Sacramento State,376.3947366801935
244.0,470,Bob Jones,376.37667804734366
243.0,441,Columbia Intl,376.35235738011596
242.0,540,Crowley's Ridge,376.2969025295066
241.0,545,Thomas GA,376.2756746729153
240.0,520,Fort Valley St,376.2348365203409
239.0,381,Goucher,376.0738392733938
238.0,466,Fisk,376.059456820712
237.0,537,St Edward's,376.01605157500467
236.0,533,Schreiner,376.00979035973495
235.0,427,Lyon,376.0083816447785
234.0,915,Rochester (MI),375.94019844571625
233.0,227,Ark Monticello,375.9189526978079
232.0,11,Greensboro,375.90000698733866
231.0,477,Jarvis Chr,375.79686711740374
230.0,107,CS Bakersfield,375.5591776857363
229.0,480,Oakwood,374.9140524751093
228.0,706,Auburn Montgomery,374.4964008967843
227.0,761,Louisiana College,374.3716713104908
226.0,824,Western Michigan,374.2455297078173
225.0,536,Florida Tech,374.1217948608412
224.0,409,Ark Little Rock,373.92806710097915
223.0,848,Fort Valley State,373.8152861856884
222.0,311,St Joseph's PA,373.6962030253076
221.0,841,Hannibal-LaGrange,373.6581173442376
220.0,948,Bethesda University (CA),373.5216322835514
219.0,970,Blue Mountain College,373.48537990646895
218.0,140,Texas St,373.32201031144086
217.0,656,American,373.3080515172445
216.0,786,Portland State,373.1898982761196
215.0,808,Alabama State,373.1173958001018
214.0,659,Jarvis Christian,372.70355697251966
213.0,751,Montreat,372.64074749950674
212.0,395,Charlotte,372.1209316549422
211.0,133,Weber St,371.53693901700296
210.0,889,Thomas University,370.9079144989151
209.0,22,Missouri KC,370.4191379130567
208.0,371,Colgate,370.37176641521035
207.0,218,Mississippi St,370.19165088760354
206.0,277,Rochester MI,370.0673636754518
205.0,344,North Dakota,369.39688711102735
204.0,467,Brescia,369.2775298299997
203.0,410,Eureka,369.17212790075445
202.0,511,Warren Wilson,368.86209047868937
201.0,556,Montreat And,368.7363693214257
200.0,577,Milligan,368.6457404211618
199.0,465,J&W NC,368.6283158198786
198.0,522,Ave Maria,368.55184092970063
197.0,71,Louisiana Col,368.4113172785573
196.0,382,NE Omaha,368.0491537988469
195.0,816,Loyola (LA),367.98567905686656
194.0,648,Oklahoma State,367.9274847095916
193.0,619,Fresno Pacific,367.77962127431437
192.0,729,Trinity Baptist,367.77189190353005
191.0,394,Holy Names,367.6842394437693
190.0,411,Champion Bap,367.59167737781684
189.0,558,Mars Hill,367.3503328953305
188.0,422,Webber,367.3092696321376
187.0,209,Air Force,367.2543772834093
186.0,528,Spring Hill,367.05063457955663
185.0,247,Trinity Bap,366.8653948714983
184.0,642,Pennsylvania,366.80953312075656
183.0,887,Johnson & Wales (NC),366.7471121652963
182.0,386,Holy Cross,366.6647755723328
181.0,150,Portland,366.492085155129
180.0,579,Oakland City,366.38608707268884
179.0,741,Abilene Christian,366.2445970812506
178.0,709,Texas Christian,365.07912692179815
177.0,772,Mount St. Mary's,364.9902593488066
176.0,464,Long Island,364.77955789098803
175.0,341,Canisius,363.6235997954874
174.0,553,Central Penn,363.6195218026332
173.0,41,Huston-Tillot,363.53973612925176
172.0,821,UC-Riverside,363.35470465798136
171.0,469,Pacific Union,362.15396669113886
170.0,391,LSU-Alexandria,361.8179603161855
169.0,339,USC,361.60216814172895
168.0,647,Saint Francis (PA),361.4589267156312
167.0,820,San Diego Christian,361.327173093804
166.0,796,Great Falls,361.1137162967577
165.0,529,St Andrew's,360.98383755102174
164.0,417,Bristol,360.4290083683699
163.0,895,Antelope Valley,360.19969371873975
162.0,823,Central Florida,360.1630674540886
161.0,740,Kennesaw State,360.10985931282465
160.0,198,South Alabama,359.6886545390292
159.0,67,Harris-Stowe,359.6560387633068
158.0,331,Dartmouth,359.4990713442517
157.0,498,Dillard,359.0015319475945
156.0,65,Reinhardt,358.9513527789569
155.0,100,Sacred Heart,358.65534829181456
154.0,690,Western Illinois,357.7388125252228
153.0,380,UCF,357.49157451658334
152.0,82,Auburn,356.8153697370027
151.0,301,MA Lowell,356.4453215716711
150.0,518,Howard Payne,356.42193205644645
149.0,57,Jacksonville,356.23212057998484
148.0,670,Missouri-Kansas City,355.49720398049493
147.0,94,Santa Clara,355.03419824498764
146.0,839,Saint Louis,354.49614463612073
145.0,747,UC-Davis,354.3078925967699
144.0,728,Florida International,353.95193126188525
143.0,908,Central Pennsylvania College,353.18116205673937
142.0,412,Arkansas St,352.9300030765356
141.0,313,Jacksonville St,352.8358012100801
140.0,113,Ark Pine Bluff,352.79959355753243
139.0,216,VMI,352.15338143133124
138.0,644,Massachusetts-Lowell,351.7878449084309
137.0,497,Chaminade,351.4882165468084
136.0,322,S Illinois,351.351149606408
135.0,267,IUPUI,350.93650147166437
134.0,462,Toccoa Falls,350.7393275746264
133.0,295,Piedmont,350.64460303872664
132.0,5,Loyola MD,350.4682918492951
131.0,177,Robert Morris,350.3107382057335
130.0,34,Lipscomb,348.6787954474078
129.0,710,Southeastern Louisiana,348.45586346094285
128.0,413,Nicholls St,348.35431404686506
127.0,723,North Carolina Central,348.0561778905568
126.0,836,Youngstown State,347.57073499883614
125.0,226,North Texas,347.5343604570488
124.0,178,Wake Forest,347.0575182127407
123.0,340,San Diego Chr,346.93781852145514
122.0,370,La Salle,346.9329184341504
121.0,14,Missouri St,345.25890872116355
120.0,646,Cal State Northridge,344.85969333228087
119.0,369,Penn,344.4356693786271
118.0,490,St Katherine,344.32823544573785
117.0,235,Hiwassee,344.31124959335574
116.0,287,Samford,344.16331067922476
115.0,292,UNC Greensboro,343.5171302589321
114.0,624,Allen,343.41291630318943
113.0,691,Washington State,341.5135782568578
112.0,145,Rice,341.33715434876234
111.0,415,Tulane,341.22358097326236
110.0,681,Cal Poly,341.04240467726095
109.0,160,East Carolina,339.86454424020667
108.0,282,Cornell,338.04527460005903
107.0,701,Arkansas State,337.7510281462565
106.0,111,San Diego,336.7836159870857
105.0,200,Southern Miss,336.55502796810873
104.0,769,Northern Colorado,335.4528430419965
103.0,781,Cal State Fullerton,335.0176838183948
102.0,321,St Louis,334.7029805273068
101.0,128,Utah Valley,334.47144222080317
100.0,183,Jackson St,334.45429380924566
99.0,121,Lamar,334.29204715744265
98.0,117,Minnesota,333.6043561595132
97.0,844,Nicholls State,332.76434052718844
96.0,149,IL Chicago,332.2878894456809
95.0,707,South Carolina Upstate,332.09274359847274
94.0,185,Howard,331.46586777856976
93.0,696,Northern Kentucky,331.2407403223352
92.0,324,Youngstown St,331.20406215313955
91.0,304,Wright St,330.5964058924613
90.0,828,Appalachian State,330.3123961594096
89.0,289,Kennesaw,330.20154046030683
88.0,97,S Carolina St,329.9558687465482
87.0,802,San Jose State,329.7742896856412
86.0,827,Cleveland State,329.3412054433901
85.0,763,McNeese State,328.83149808086466
84.0,767,Maryland-Eastern Shore,328.15025258333856
83.0,776,Loyola (MD),328.1493525494995
82.0,357,Bethune-Cookman,328.04740051523737
81.0,669,Northwestern State,327.3509616712699
80.0,800,Virginia Military Institute,327.1378052276707
79.0,68,Abilene Chr,326.2792030028876
78.0,0,Liberty,326.0046509133069
77.0,42,TX Pan American,324.3090179057062
76.0,241,FL Atlantic,323.91528257842685
75.0,283,George Mason,322.2645988397577
74.0,91,CS Northridge,322.2064980157657
73.0,148,DePaul,321.83743831630727
72.0,682,Morgan State,321.0841183333629
71.0,695,Charleston Southern,321.0621892637086
70.0,834,Southern Mississippi,320.66113331112683
69.0,713,St. John's (NY),320.0849522345488
68.0,265,W Illinois,319.6643406468597
67.0,264,Pacific,319.18501097301987
66.0,99,Coppin St,319.16346574388336
65.0,23,Missouri,319.162451512332
64.0,774,Texas-Rio Grande Valley,318.1631543052564
63.0,32,Loy Marymount,317.98972346787343
62.0,726,Coppin State,317.92899639696725
61.0,257,SE Louisiana,317.6731550807468
60.0,303,Savannah St,317.1933021152013
59.0,252,Campbell,316.1267639290269
58.0,95,CS Fullerton,315.8469225163052
57.0,809,Central Arkansas,314.10239108372417
56.0,10,NC A&T,313.91089105684244
55.0,657,North Carolina A&T,312.46327492916464
54.0,101,Hartford,312.11555578980926
53.0,736,Jacksonville State,311.7962808029892
52.0,38,Col Charleston,311.749374100944
51.0,176,Lafayette,310.91436929395536
50.0,274,Brown,310.834252200836
49.0,233,Presbyterian,310.2401404187029
48.0,228,Quinnipiac,308.8051757498398
47.0,143,Chicago St,308.7484359785172
46.0,87,Montana St,307.4091343102642
45.0,668,Florida Atlantic,307.274369933117
44.0,54,Stetson,307.0980855392912
43.0,310,F Dickinson,307.00349027121473
42.0,165,Bryant,306.6683317483192
41.0,443,New Orleans,305.4358743580359
40.0,155,Ball St,305.10129130866363
39.0,700,Southern Illinois-Edwardsville,303.7693246630029
38.0,197,Northern Arizona,302.8776733521318
37.0,153,Idaho St,301.42072268258823
36.0,215,Alabama A&M,297.71258484704447
35.0,732,Delaware State,296.81202878673906
34.0,271,Prairie View,296.6335673982485
33.0,194,Boston College,295.6947391598517
32.0,299,Morgan St,293.88001182699315
31.0,278,Longwood,293.5003398042067
30.0,789,Illinois-Chicago,293.1722222136289
29.0,217,Citadel,290.5682667183594
28.0,684,Maryland-Baltimore County,288.94115459996897
27.0,45,Drexel,288.62881981012333
26.0,705,Arkansas-Pine Bluff,287.61481092517863
25.0,803,Mississippi Valley State,285.9414956868225
24.0,158,South Florida,285.0795336782786
23.0,421,Delaware,284.96355011259016
22.0,720,Southeast Missouri State,284.7491998331
21.0,72,Troy,281.1231086529972
20.0,307,MS Valley St,276.5111762900647
19.0,231,Central Conn,276.06965318416184
18.0,64,Tennessee St,275.1007871290378
17.0,147,Alcorn St,270.146970259735
16.0,392,Rutgers,269.5645640545976
15.0,779,Texas-San Antonio,268.4058299903727
14.0,750,Central Connecticut State,266.69754073726364
13.0,53,UMBC,264.9918703879492
12.0,7,Southern Utah,263.90838413592445
11.0,379,Drake,261.8933838848289
10.0,31,Binghamton,259.50763846404493
9.0,721,Chicago State,257.36334576002304
8.0,37,Cent Arkansas,255.25162444617126
7.0,108,San Jose St,250.9649855464472
6.0,171,Marist,249.75967765041847
5.0,175,Niagara,244.23496702834942
4.0,273,Bradley,239.3469632253672
3.0,365,Maine,230.8525156830694
2.0,193,Florida A&M,218.2880514694719
1.0,285,Grambling,189.3816196425872
